video folder,exampleservice,anotherservice
video1,0.6926020332196337,
video2,0.6920103129471811,0.7385625396123279
