video folder,service1,service2
video1,0.9704595185995624,
video2,0.9604261796042618,0.95662100456621
