video folder,anotherservice,exampleservice
video1,,0.9704595185995624
video2,0.95662100456621,0.9604261796042618
