media folder,service1,service2
video1,0.9710920770877944,
video2,0.960960960960961,0.9572072072072072
