video folder,exampleservice,anotherservice
video1,0.9270238931830127,
video2,0.9085649807373941,0.8952361542394177
